-- 数据导入 SQL (SQLite)

-- 清空现有数据
DELETE FROM main_weapon;
DELETE FROM sub_weapon;
DELETE FROM special_weapon;
DELETE FROM skill;
DELETE FROM stage;

-- 重置自增序列（仅在 sqlite_sequence 表存在时执行，新库可跳过）
-- 注：sqlite_sequence 在首次 INSERT 后才创建，新库运行此语句会报错，可忽略

-- 副武器数据
INSERT INTO sub_weapon (code, ink_consume, zh_name, params) VALUES
('0', 0.7, '斯普拉炸弹', '{"overwrites": {"SpawnSpeedZSpecUp": {"High": 1.68, "Low": 1.12, "Mid": 1.4}}, "SubInkSaveLv": 2, "InkRecoverStop": 60, "DistanceDamage": [{"Damage": 1800, "Distance": 3.6}, {"Damage": 300, "Distance": 7}]}'),
('1', 0.7, '吸盘炸弹', '{"overwrites": {"SpawnSpeedZSpecUp": {"High": 1.68, "Low": 1.12, "Mid": 1.4}}, "SubInkSaveLv": 2, "InkRecoverStop": 60, "DistanceDamage": [{"Damage": 1800, "Distance": 4.6}, {"Damage": 300, "Distance": 8}]}'),
('2', 0.45, '快速炸弹', '{"overwrites": {"SpawnSpeedZSpecUp": {"High": 1.68, "Low": 1.12, "Mid": 1.4}}, "SubInkSaveLv": 4, "InkRecoverStop": 60, "DistanceDamage": [{"Damage": 350, "Distance": 2.8}, {"Damage": 250, "Distance": 4}], "DirectDamage": 600}'),
('3', 0.6, '洒墨器', '{"overwrites": {"PeriodFirst": {"High": 780, "Low": 480, "Mid": 630}, "PeriodSecond": {"High": 1020, "Low": 900, "Mid": 960}}, "SubInkSaveLv": 3, "InkRecoverStop": 60}'),
('4', 0.6, '斯普拉防护墙', '{"overwrites": {"MaxHP": {"High": 15000, "Low": 8000, "Mid": 11500}}, "SubInkSaveLv": 2, "InkRecoverStop": 85}'),
('5', 0.6, '碳酸炸弹', '{"overwrites": {"SpawnSpeedZSpecUp": {"High": 1.84, "Low": 1.36, "Mid": 1.6}}, "SubInkSaveLv": 1, "InkRecoverStop": 85, "DistanceDamage_BlastParamArray": [[{"Damage": 500, "Distance": 1.6}, {"Damage": 350, "Distance": 3.8}], [{"Damage": 500, "Distance": 1.95}, {"Damage": 350, "Distance": 4.5}], [{"Damage": 500, "Distance": 2.6}, {"Damage": 350, "Distance": 5.45}]]}'),
('6', 0.65, '冰壶炸弹', '{"overwrites": {"SpawnSpeedZSpecUp": {"High": 0.52, "Low": 0.4, "Mid": 0.46}}, "SubInkSaveLv": 2, "InkRecoverStop": 70, "DistanceDamage": [[{"Damage": 1800, "Distance": 4.6}, {"Damage": 300, "Distance": 8}], [{"Damage": 1800, "Distance": 1.6}, {"Damage": 300, "Distance": 5}]], "DirectDamage": 200}'),
('7', 0.55, '机器人炸弹', '{"overwrites": {"SpawnSpeedZSpecUp": {"High": 1.68, "Low": 1.12, "Mid": 1.4}}, "SubInkSaveLv": 1, "InkRecoverStop": 85, "DistanceDamage": [{"Damage": 1800, "Distance": 2.85}, {"Damage": 300, "Distance": 6.5}]}'),
('8', 0.75, '跳跃信标', '{"overwrites": {"SubSpecUpParam": {"Low": 0, "High": 57, "Mid": 25}}, "SubInkSaveLv": 3, "InkRecoverStop": 0}'),
('9', 0.45, '定点侦测器', '{"overwrites": {"SpawnSpeedZSpecUp": {"High": 1.87, "Low": 1.38, "Mid": 1.64}, "MarkingFrameSubSpec": {"High": 960, "Low": 480, "Mid": 720}}, "SubInkSaveLv": 1, "InkRecoverStop": 75}'),
('10', 0.6, '墨汁陷阱', '{"overwrites": {"MarkingFrameSubSpec": {"High": 600, "Low": 300, "Mid": 450}, "SensorRadius": {"High": 4, "Low": 3, "Mid": 3.5}, "ExplosionRadius": {"High": 11, "Low": 8, "Mid": 9.5}}, "SubInkSaveLv": 3, "InkRecoverStop": 0, "DistanceDamage": [{"Damage": 450, "Distance": 3.6}, {"Damage": 350, "Distance": 8}]}'),
('11', 0.55, '毒雾', '{"overwrites": {"SpawnSpeedZSpecUp": {"High": 1.68, "Low": 1.12, "Mid": 1.4}}, "SubInkSaveLv": 1, "InkRecoverStop": 80}'),
('12', 0.4, '标线器', '{"overwrites": {"SpawnSpeedZSpecUp": {"High": 6.8, "Low": 6.3, "Mid": 6.55}, "MarkingFrameSubSpec": {"High": 600, "Low": 300, "Mid": 450}}, "SubInkSaveLv": 0, "InkRecoverStop": 50, "DirectDamage": 400}'),
('13', 0.65, '鱼雷', '{"overwrites": {"SpawnSpeedZSpecUp": {"High": 1.9, "Low": 1.4, "Mid": 1.65}}, "SubInkSaveLv": 2, "InkRecoverStop": 88, "DistanceDamage_BlastParamChase": [{"Damage": 600, "Distance": 2.6}, {"Damage": 350, "Distance": 6}], "DistanceDamage_SplashBlastParam": [{"Damage": 120, "Distance": 2.6}]}');

-- 特殊武器数据
INSERT INTO special_weapon (code, zh_name, params) VALUES
('1', '终极发射', '{"overwrites": {"PaintRadius": {"High": 4, "Low": 3.2, "Mid": 3.6}, "DistanceDamageDistanceRate": {"High": 1.3, "Low": 1, "Mid": 1.15}, "SpecialDurationFrame": {"High": 480, "Low": 330, "Mid": 405}}, "DistanceDamage": [{"Damage": 530, "Distance": 2.5}, {"Damage": 350, "Distance": 4}], "DirectDamage": 2200}'),
('2', '巨大防护罩', '{"overwrites": {"MaxFieldHP": {"High": 28800, "Low": 24000, "Mid": 26400}, "MaxHP": {"High": 18432, "Low": 15360, "Mid": 16896}}}'),
('3', '触手喷射', '{"overwrites": {"InkConsume_Hook": {"High": 0.0225, "Low": 0.06, "Mid": 0.0375}, "InkConsume_PerSec": {"High": 0.12, "Low": 0.15, "Mid": 0.1305}}, "DistanceDamage": [{"Damage": 450, "Distance": 5.25}, {"Damage": 350, "Distance": 6}]}'),
('4', '多重导弹', '{"overwrites": {"TargetInCircleRadius": {"High": 240, "Low": 140, "Mid": 190}}, "DistanceDamage": [{"Damage": 1500, "Distance": 1.1}, {"Damage": 500, "Distance": 2.1}, {"Damage": 300, "Distance": 4.25}]}'),
('5', '墨雨云', '{"overwrites": {"SpawnSpeedZSpecUp": {"High": 1.68, "Low": 1.12, "Mid": 1.4}, "SpecialDurationFrame": {"High": 600, "Low": 480, "Mid": 540}}, "TickDamage": 4}'),
('6', '赞气弹', '{"overwrites": {"ChargeRateAutoPerFrame": {"High": 0.01, "Low": 0.002, "Mid": 0.006}}, "TickDamage": 33}'),
('7', '弹跳声呐', '{"overwrites": {"MaxFrame": {"High": 216, "Low": 160, "Mid": 192}, "MaxRadius": {"High": 27, "Low": 20, "Mid": 24}}, "DirectDamage": 300, "WaveDamage": 450}'),
('8', '吸墨机', '{"overwrites": {"RadiusMax": {"High": 4.3, "Low": 3.3, "Mid": 3.8}, "RadiusMin": {"High": 1.4, "Low": 0.8, "Mid": 1.1}}, "ExhaleBlastParamMinChargeDistanceDamage": [{"Damage": 2200, "Distance": 6}], "ExhaleBlastParamMaxChargeDistanceDamage": [{"Damage": 2200, "Distance": 11}]}'),
('9', '喇叭镭射5.1ch', '{"overwrites": {"SpecialDurationFrame": {"High": 240, "Low": 180, "Mid": 220}}, "TickDamage": 35}'),
('10', '喷射背包', '{"overwrites": {"DistanceDamageDistanceRate": {"High": 1.3, "Low": 1, "Mid": 1.15}, "SplashAroundVelocityMin": {"High": 0.52, "Low": 0.49, "Mid": 0.505}, "SplashAroundVelocityMax": {"High": 0.35, "Low": 0.33, "Mid": 0.34}, "SpecialDurationFrame": {"High": 510, "Low": 450, "Mid": 480}, "PaintRadius": {"High": 3.9000000000000004, "Mid": 3.865, "Low": 3.83}}, "DistanceDamage": [{"Damage": 500, "Distance": 2.55}, {"Damage": 300, "Distance": 5}], "DirectDamage": 1200}'),
('11', '终极印章', '{"overwrites": {"SpecialDurationFrame": {"High": 660, "Low": 450, "Mid": 570}}, "SwingDamage": [{"Damage": 1000, "Distance": 0}, {"Damage": 400, "Distance": 4}], "ThrowDamage": [{"Damage": 2200, "Distance": 4}, {"Damage": 600, "Distance": 8}], "ThrowDirectDamage": 2200}'),
('12', '螃蟹坦克', '{"ArmorHP": 5000, "overwrites": {"SpecialDurationFrame": {"High": 660, "Low": 480, "Mid": 570}}, "BulletDamageMin": 160, "BulletDamageMax": 320, "CannonDamage": [{"Damage": 600, "Distance": 1}, {"Damage": 300, "Distance": 5.6}], "BumpDamage": 400}'),
('13', '鲨鱼坐骑', '{"overwrites": {"DistanceDamageDistanceRate": {"High": 1.2, "Low": 1, "Mid": 1.1}, "PaintRadius": {"High": 10.889999999999999, "Mid": 9.982, "Low": 9.075}, "SplashAroundVelocityMin": {"High": 0.7, "Low": 0.6, "Mid": 0.65}, "SplashAroundVelocityMax": {"High": 0.8, "Low": 0.7, "Mid": 0.75}}, "DistanceDamage": [{"Damage": 2200, "Distance": 7.5}, {"Damage": 700, "Distance": 14.9}]}'),
('14', '三重龙卷风', '{"overwrites": {"SpawnSpeedZSpecUp": {"High": 2.6, "Low": 2, "Mid": 2.3}}, "TickDamage": 75}'),
('15', '能量站', '{"overwrites": {"PowerUpFrame": {"High": 1500, "Low": 1020, "Mid": 1290}}}'),
('16', '诱饵烟花', '{"overwrites": {"CrossPaintCheckLength": {"High": 3, "Low": 2.5, "Mid": 2.75}, "CrossPaintRadius": {"High": 3, "Low": 2.5, "Mid": 2.75}, "DistanceDamageDistanceRate": {"High": 1.2, "Low": 1, "Mid": 1.1}}, "DistanceDamage": [{"Damage": 700, "Distance": 3.6}, {"Damage": 350, "Distance": 6}]}'),
('17', '帝王鱿鱼', '{"overwrites": {"SpecialDurationFrame": {"High": 600, "Low": 480, "Mid": 540}}, "DirectDamage": 1200, "JumpDamage": 600}'),
('18', '终极着陆', '{"overwrites": {"DistanceDamageDistanceRate": {"High": 1.1, "Low": 1, "Mid": 1.05}, "PaintRadius": {"High": 12, "Low": 10, "Mid": 11}}, "DistanceDamage": [{"Damage": 2200, "Distance": 7}, {"Damage": 600, "Distance": 10.5}]}'),
('19', '浮墨幕墙', '{"overwrites": {"SpawnSpeedZSpecUp": {"High": 1.68, "Low": 1.12, "Mid": 1.4}, "MoveSpeed": {"High": 0.06, "Low": 0.04, "Mid": 0.053}}, "DirectDamage": 400}');
-- 主武器数据
INSERT INTO main_weapon
(code, special_point, sub_weapon_code, special_weapon_code, zh_name, weapon_class, distance_class, params) VALUES
('0', 180, '6', '11', '广域标记枪', '射击枪', '近距离', '{"WeaponSpeedType": "Fast", "MoveSpeed": 0.08, "DamageParam_ValueMax": 380, "DamageParam_ValueMin": 190, "Jump_DegSwerve": 17.49, "Stand_DegSwerve": 11.66, "InkRecoverStop": 15, "InkConsume": 0.008}'),
('1', 170, '8', '9', '广域标记枪 新型', '射击枪', '近距离', '{"WeaponSpeedType": "Fast", "MoveSpeed": 0.08, "DamageParam_ValueMax": 380, "DamageParam_ValueMin": 190, "Jump_DegSwerve": 17.49, "Stand_DegSwerve": 11.66, "InkRecoverStop": 15, "InkConsume": 0.008}'),
('10', 180, '0', '2', '新叶射击枪', '射击枪', '近距离', '{"WeaponSpeedType": "Fast", "MoveSpeed": 0.076, "DamageParam_ValueMax": 280, "DamageParam_ValueMin": 140, "Jump_DegSwerve": 14.58, "Stand_DegSwerve": 11.66, "InkRecoverStop": 15, "InkConsume": 0.0043}'),
('11', 190, '13', '7', '枫叶射击枪', '射击枪', '近距离', '{"WeaponSpeedType": "Fast", "MoveSpeed": 0.076, "DamageParam_ValueMax": 280, "DamageParam_ValueMin": 140, "Jump_DegSwerve": 14.58, "Stand_DegSwerve": 11.66, "InkRecoverStop": 15, "InkConsume": 0.0043}'),
('20', 200, '2', '12', '窄域标记枪', '射击枪', '近距离', '{"WeaponSpeedType": "Fast", "MoveSpeed": 0.072, "DamageParam_ValueMax": 280, "DamageParam_ValueMin": 140, "Jump_DegSwerve": 0, "Stand_DegSwerve": 0, "InkConsume": 0.008}'),
('21', 200, '1', '14', '窄域标记枪 新型', '射击枪', '近距离', '{"WeaponSpeedType": "Fast", "MoveSpeed": 0.072, "DamageParam_ValueMax": 280, "DamageParam_ValueMin": 140, "Jump_DegSwerve": 0, "Stand_DegSwerve": 0, "InkConsume": 0.008}'),
('22', 180, '11', '5', '窄域标记枪GECK', '射击枪', '近距离', '{"WeaponSpeedType": "Fast", "MoveSpeed": 0.072, "DamageParam_ValueMax": 280, "DamageParam_ValueMin": 140, "Jump_DegSwerve": 0, "Stand_DegSwerve": 0, "InkConsume": 0.008}'),
('30', 180, '5', '13', '专业模型枪MG', '射击枪', '近距离', '{"WeaponSpeedType": "Fast", "MoveSpeed": 0.072, "DamageParam_ValueMax": 240, "DamageParam_ValueMin": 120, "Jump_DegSwerve": 15.54, "Stand_DegSwerve": 12.63, "InkRecoverStop": 15, "InkConsume": 0.005}'),
('31', 190, '3', '6', '专业模型枪RG', '射击枪', '近距离', '{"WeaponSpeedType": "Fast", "MoveSpeed": 0.072, "DamageParam_ValueMax": 240, "DamageParam_ValueMin": 120, "Jump_DegSwerve": 15.54, "Stand_DegSwerve": 12.63, "InkRecoverStop": 15, "InkConsume": 0.005}'),
('32', 180, '2', '19', '专业模型枪 彩', '射击枪', '近距离', '{"WeaponSpeedType": "Fast", "MoveSpeed": 0.072, "DamageParam_ValueMax": 240, "DamageParam_ValueMin": 120, "Jump_DegSwerve": 15.54, "Stand_DegSwerve": 12.63, "InkRecoverStop": 15, "InkConsume": 0.005}'),
('40', 210, '1', '1', '斯普拉射击枪', '射击枪', '近距离', '{"MoveSpeed": 0.072, "DamageParam_ValueMax": 360, "DamageParam_ValueMin": 180, "Jump_DegSwerve": 11.66, "Stand_DegSwerve": 4.86, "InkConsume": 0.0092}'),
('41', 190, '0', '14', '斯普拉射击枪 联名', '射击枪', '近距离', '{"MoveSpeed": 0.072, "DamageParam_ValueMax": 360, "DamageParam_ValueMin": 180, "Jump_DegSwerve": 11.66, "Stand_DegSwerve": 4.86, "InkConsume": 0.0092}'),
('42', 190, '2', '17', '斯普拉射击枪 煌', '射击枪', '近距离', '{"MoveSpeed": 0.072, "DamageParam_ValueMax": 360, "DamageParam_ValueMin": 180, "Jump_DegSwerve": 11.66, "Stand_DegSwerve": 4.86, "InkConsume": 0.0092}'),
('45', 210, '1', '1', '英雄射击枪 复制', '射击枪', '近距离', '{"MoveSpeed": 0.072, "DamageParam_ValueMax": 360, "DamageParam_ValueMin": 180, "Jump_DegSwerve": 11.66, "Stand_DegSwerve": 4.86, "InkConsume": 0.0092}'),
('46', 190, '0', '14', '章鱼射击枪 复制', '射击枪', '近距离', '{"MoveSpeed": 0.072, "DamageParam_ValueMax": 360, "DamageParam_ValueMin": 180, "Jump_DegSwerve": 11.66, "Stand_DegSwerve": 4.86, "InkConsume": 0.0092}'),
('47', 210, '1', '1', '秩序射击枪 复制', '射击枪', '近距离', '{"MoveSpeed": 0.072, "DamageParam_ValueMax": 360, "DamageParam_ValueMin": 180, "Jump_DegSwerve": 11.66, "Stand_DegSwerve": 4.86, "InkConsume": 0.0092}'),
('50', 200, '4', '9', '.52加仑', '射击枪', '近距离', '{"MoveSpeed": 0.06, "DamageParam_ValueMax": 520, "DamageParam_ValueMin": 300, "Jump_DegSwerve": 12, "Stand_DegSwerve": 6, "InkConsume": 0.015}'),
('51', 190, '6', '19', '.52加仑 装饰', '射击枪', '近距离', '{"MoveSpeed": 0.06, "DamageParam_ValueMax": 520, "DamageParam_ValueMin": 300, "Jump_DegSwerve": 12, "Stand_DegSwerve": 6, "InkConsume": 0.015}'),
('60', 200, '1', '15', 'N-ZAP85', '射击枪', '近距离', '{"WeaponSpeedType": "Fast", "MoveSpeed": 0.088, "DamageParam_ValueMax": 300, "DamageParam_ValueMin": 150, "Jump_DegSwerve": 12, "Stand_DegSwerve": 4.75, "InkConsume": 0.008}'),
('61', 170, '7', '16', 'N-ZAP89', '射击枪', '近距离', '{"WeaponSpeedType": "Fast", "MoveSpeed": 0.088, "DamageParam_ValueMax": 300, "DamageParam_ValueMin": 150, "Jump_DegSwerve": 12, "Stand_DegSwerve": 4.75, "InkConsume": 0.008}'),
('70', 180, '12', '12', '顶尖射击枪', '射击枪', '近距离', '{"overwrites": {"ConsumeRt_Main": {"High": 0.5, "Mid": 0.7}}, "MoveSpeed": 0.055, "DamageParam_ValueMax": 450, "DamageParam_ValueMin": 225, "Jump_DegSwerve": 6, "Stand_DegSwerve": 2.5, "InkConsume": 0.02}'),
('71', 200, '1', '6', '顶尖射击枪 联名', '射击枪', '近距离', '{"overwrites": {"ConsumeRt_Main": {"High": 0.5, "Mid": 0.7}}, "MoveSpeed": 0.055, "DamageParam_ValueMax": 450, "DamageParam_ValueMin": 225, "Jump_DegSwerve": 6, "Stand_DegSwerve": 2.5, "InkConsume": 0.02}'),
('72', 190, '0', '4', '顶尖射击枪FRZN', '射击枪', '近距离', '{"overwrites": {"ConsumeRt_Main": {"High": 0.5, "Mid": 0.7}}, "MoveSpeed": 0.055, "DamageParam_ValueMax": 450, "DamageParam_ValueMin": 225, "Jump_DegSwerve": 6, "Stand_DegSwerve": 2.5, "InkConsume": 0.02}'),
('80', 190, '3', '8', '.96加仑', '射击枪', '近距离', '{"MoveSpeed": 0.04, "DamageParam_ValueMax": 620, "DamageParam_ValueMin": 350, "Jump_DegSwerve": 11.3511, "Stand_DegSwerve": 4, "InkConsume": 0.023}'),
('81', 210, '4', '17', '.96加仑 装饰', '射击枪', '近距离', '{"MoveSpeed": 0.04, "DamageParam_ValueMax": 620, "DamageParam_ValueMin": 350, "Jump_DegSwerve": 11.3511, "Stand_DegSwerve": 4, "InkConsume": 0.023}'),
('82', 190, '12', '15', '.96加仑 爪', '射击枪', '近距离', '{"MoveSpeed": 0.04, "DamageParam_ValueMax": 620, "DamageParam_ValueMin": 350, "Jump_DegSwerve": 11.3511, "Stand_DegSwerve": 4, "InkConsume": 0.023}'),
('90', 180, '12', '8', '喷射清洁枪', '射击枪', '近距离', '{"MoveSpeed": 0.06, "DamageParam_ValueMax": 320, "DamageParam_ValueMin": 160, "Jump_DegSwerve": 8, "Stand_DegSwerve": 2.5, "InkConsume": 0.016}'),
('91', 180, '11', '5', '喷射清洁枪 改装', '射击枪', '近距离', '{"MoveSpeed": 0.06, "DamageParam_ValueMax": 320, "DamageParam_ValueMin": 160, "Jump_DegSwerve": 8, "Stand_DegSwerve": 2.5, "InkConsume": 0.016}'),
('92', 190, '2', '18', '喷射清洁枪COBR', '射击枪', '近距离', '{"MoveSpeed": 0.06, "DamageParam_ValueMax": 320, "DamageParam_ValueMin": 160, "Jump_DegSwerve": 8, "Stand_DegSwerve": 2.5, "InkConsume": 0.016}'),
('100', 190, '9', '9', '太空射击枪', '射击枪', '近距离', '{"MoveSpeed": 0.079, "DamageParam_ValueMax": 240, "DamageParam_ValueMin": 120, "Jump_DegSwerve": 8, "Stand_DegSwerve": 4.5, "InkConsume": 0.0096}'),
('101', 210, '10', '10', '太空射击枪 联名', '射击枪', '近距离', '{"MoveSpeed": 0.079, "DamageParam_ValueMax": 240, "DamageParam_ValueMin": 120, "Jump_DegSwerve": 8, "Stand_DegSwerve": 4.5, "InkConsume": 0.0096}'),
('200', 170, '0', '3', '新星爆破枪', '爆破枪', '中距离', '{"overwrites": {"ConsumeRt_Main": {"High": 0.5, "Mid": 0.7}, "ReduceJumpSwerveRate": {"Mid": 0.625}}, "WeaponSpeedType": "Fast", "MoveSpeed": 0.05, "DamageParam_ValueDirect": 1250, "BlastParam_DistanceDamage": [{"Damage": 700, "Distance": 1.6}, {"Damage": 500, "Distance": 3.8}], "Jump_DegSwerve": 6, "Stand_DegSwerve": 0, "InkRecoverStop": 55, "InkConsume": 0.075}'),
('201', 180, '5', '11', '新星爆破枪 新型', '爆破枪', '中距离', '{"overwrites": {"ConsumeRt_Main": {"High": 0.5, "Mid": 0.7}, "ReduceJumpSwerveRate": {"Mid": 0.625}}, "WeaponSpeedType": "Fast", "MoveSpeed": 0.05, "DamageParam_ValueDirect": 1250, "BlastParam_DistanceDamage": [{"Damage": 700, "Distance": 1.6}, {"Damage": 500, "Distance": 3.8}], "Jump_DegSwerve": 6, "Stand_DegSwerve": 0, "InkRecoverStop": 55, "InkConsume": 0.075}'),
('205', 170, '0', '3', '秩序爆破枪 复制', '爆破枪', '中距离', '{"overwrites": {"ConsumeRt_Main": {"High": 0.5, "Mid": 0.7}, "ReduceJumpSwerveRate": {"Mid": 0.625}}, "WeaponSpeedType": "Fast", "MoveSpeed": 0.05, "DamageParam_ValueDirect": 1250, "BlastParam_DistanceDamage": [{"Damage": 700, "Distance": 1.6}, {"Damage": 500, "Distance": 3.8}], "Jump_DegSwerve": 6, "Stand_DegSwerve": 0, "InkRecoverStop": 55, "InkConsume": 0.075}'),
('210', 180, '7', '2', '火热爆破枪', '爆破枪', '中距离', '{"overwrites": {"ReduceJumpSwerveRate": {"Mid": 0.5}}, "MoveSpeed": 0.045, "DamageParam_ValueDirect": 1250, "BlastParam_DistanceDamage": [{"Damage": 700, "Distance": 0.94}, {"Damage": 500, "Distance": 3.3}], "Jump_DegSwerve": 10, "Stand_DegSwerve": 0, "InkRecoverStop": 57, "InkConsume": 0.1}'),
('211', 180, '9', '18', '火热爆破枪 改装', '爆破枪', '中距离', '{"overwrites": {"ReduceJumpSwerveRate": {"Mid": 0.5}}, "MoveSpeed": 0.045, "DamageParam_ValueDirect": 1250, "BlastParam_DistanceDamage": [{"Damage": 700, "Distance": 0.94}, {"Damage": 500, "Distance": 3.3}], "Jump_DegSwerve": 10, "Stand_DegSwerve": 0, "InkRecoverStop": 57, "InkConsume": 0.1}'),
('212', 180, '8', '12', '火热爆破枪 艳', '爆破枪', '中距离', '{"overwrites": {"ReduceJumpSwerveRate": {"Mid": 0.5}}, "MoveSpeed": 0.045, "DamageParam_ValueDirect": 1250, "BlastParam_DistanceDamage": [{"Damage": 700, "Distance": 0.94}, {"Damage": 500, "Distance": 3.3}], "Jump_DegSwerve": 10, "Stand_DegSwerve": 0, "InkRecoverStop": 57, "InkConsume": 0.1}'),
('220', 210, '1', '7', '远距爆破枪', '爆破枪', '中距离', '{"overwrites": {"ReduceJumpSwerveRate": {"Mid": 0.5}}, "MoveSpeed": 0.04, "DamageParam_ValueDirect": 1250, "BlastParam_DistanceDamage": [{"Damage": 700, "Distance": 0.94}, {"Damage": 500, "Distance": 3.3}], "Jump_DegSwerve": 8, "Stand_DegSwerve": 0, "InkRecoverStop": 70, "InkConsume": 0.11}'),
('221', 210, '0', '17', '远距爆破枪 改装', '爆破枪', '中距离', '{"overwrites": {"ReduceJumpSwerveRate": {"Mid": 0.5}}, "MoveSpeed": 0.04, "DamageParam_ValueDirect": 1250, "BlastParam_DistanceDamage": [{"Damage": 700, "Distance": 0.94}, {"Damage": 500, "Distance": 3.3}], "Jump_DegSwerve": 8, "Stand_DegSwerve": 0, "InkRecoverStop": 70, "InkConsume": 0.11}'),
('230', 180, '0', '1', '冲涂爆破枪', '爆破枪', '中距离', '{"overwrites": {"ReduceJumpSwerveRate": {"Mid": 0.5}}, "WeaponSpeedType": "Fast", "MoveSpeed": 0.068, "DamageParam_ValueDirect": 600, "BlastParam_DistanceDamage": [{"Damage": 300, "Distance": 1}, {"Damage": 300, "Distance": 4}], "Jump_DegSwerve": 8, "Stand_DegSwerve": 0, "InkRecoverStop": 40, "InkConsume": 0.04}'),
('231', 170, '6', '16', '冲涂爆破枪 新型', '爆破枪', '中距离', '{"overwrites": {"ReduceJumpSwerveRate": {"Mid": 0.5}}, "WeaponSpeedType": "Fast", "MoveSpeed": 0.068, "DamageParam_ValueDirect": 600, "BlastParam_DistanceDamage": [{"Damage": 300, "Distance": 1}, {"Damage": 300, "Distance": 4}], "Jump_DegSwerve": 8, "Stand_DegSwerve": 0, "InkRecoverStop": 40, "InkConsume": 0.04}'),
('240', 190, '10', '14', '快速爆破枪', '爆破枪', '中距离', '{"overwrites": {"ReduceJumpSwerveRate": {"Mid": 0.5}}, "MoveSpeed": 0.055, "DamageParam_ValueDirect": 850, "BlastParam_DistanceDamage": [{"Damage": 350, "Distance": 0.94}, {"Damage": 350, "Distance": 3.3}], "Jump_DegSwerve": 8, "Stand_DegSwerve": 0, "InkRecoverStop": 47, "InkConsume": 0.07}'),
('241', 210, '13', '10', '快速爆破枪 装饰', '爆破枪', '中距离', '{"overwrites": {"ReduceJumpSwerveRate": {"Mid": 0.5}}, "MoveSpeed": 0.055, "DamageParam_ValueDirect": 850, "BlastParam_DistanceDamage": [{"Damage": 350, "Distance": 0.94}, {"Damage": 350, "Distance": 3.3}], "Jump_DegSwerve": 8, "Stand_DegSwerve": 0, "InkRecoverStop": 47, "InkConsume": 0.07}'),
('250', 180, '11', '8', '快速爆破枪 精英', '爆破枪', '中距离', '{"overwrites": {"ReduceJumpSwerveRate": {"Mid": 0.5}}, "MoveSpeed": 0.05, "DamageParam_ValueDirect": 850, "BlastParam_DistanceDamage": [{"Damage": 350, "Distance": 0.94}, {"Damage": 350, "Distance": 3.3}], "Jump_DegSwerve": 8, "Stand_DegSwerve": 0, "InkRecoverStop": 50, "InkConsume": 0.08}'),
('251', 190, '12', '9', '快速爆破枪 精英装饰', '爆破枪', '中距离', '{"overwrites": {"ReduceJumpSwerveRate": {"Mid": 0.5}}, "MoveSpeed": 0.05, "DamageParam_ValueDirect": 850, "BlastParam_DistanceDamage": [{"Damage": 350, "Distance": 0.94}, {"Damage": 350, "Distance": 3.3}], "Jump_DegSwerve": 8, "Stand_DegSwerve": 0, "InkRecoverStop": 50, "InkConsume": 0.08}'),
('252', 200, '1', '15', '快速爆破枪 精英WNTR', '爆破枪', '中距离', '{"overwrites": {"ReduceJumpSwerveRate": {"Mid": 0.5}}, "MoveSpeed": 0.05, "DamageParam_ValueDirect": 850, "BlastParam_DistanceDamage": [{"Damage": 350, "Distance": 0.94}, {"Damage": 350, "Distance": 3.3}], "Jump_DegSwerve": 8, "Stand_DegSwerve": 0, "InkRecoverStop": 50, "InkConsume": 0.08}'),
('260', 180, '3', '13', 'S-BLAST92', '爆破枪', '中距离', '{"overwrites": {"ReduceJumpSwerveRate": {"Mid": 0.625}}, "MoveSpeed": 0.04, "DamageParam_ValueDirect": 1250, "BlastParam_DistanceDamage": [{"Damage": 700, "Distance": 1}, {"Damage": 500, "Distance": 2}], "Jump_DegSwerve": 8, "Stand_DegSwerve": 0, "InkRecoverStop": 60, "InkConsume": 0.095}'),
('261', 200, '2', '6', 'S-BLAST91', '爆破枪', '中距离', '{"overwrites": {"ReduceJumpSwerveRate": {"Mid": 0.625}}, "MoveSpeed": 0.04, "DamageParam_ValueDirect": 1250, "BlastParam_DistanceDamage": [{"Damage": 700, "Distance": 1}, {"Damage": 500, "Distance": 2}], "Jump_DegSwerve": 8, "Stand_DegSwerve": 0, "InkRecoverStop": 60, "InkConsume": 0.095}'),
('300', 190, '6', '12', 'L3卷管枪', '射击枪', '近距离', '{"TripleShotSpanFrame": 8, "MoveSpeed": 0.08, "DamageParam_ValueMax": 310, "DamageParam_ValueMin": 155, "Jump_DegSwerve": 6, "Stand_DegSwerve": 1, "InkRecoverStop": 25, "InkConsume": 0.011}'),
('301', 200, '2', '11', 'L3卷管枪D', '射击枪', '近距离', '{"TripleShotSpanFrame": 8, "MoveSpeed": 0.08, "DamageParam_ValueMax": 310, "DamageParam_ValueMin": 155, "Jump_DegSwerve": 6, "Stand_DegSwerve": 1, "InkRecoverStop": 25, "InkConsume": 0.011}'),
('302', 200, '0', '10', 'L3卷管枪 箔', '射击枪', '近距离', '{"TripleShotSpanFrame": 8, "MoveSpeed": 0.08, "DamageParam_ValueMax": 310, "DamageParam_ValueMin": 155, "Jump_DegSwerve": 6, "Stand_DegSwerve": 1, "InkRecoverStop": 25, "InkConsume": 0.011}'),
('310', 190, '9', '15', 'H3卷管枪', '射击枪', '近距离', '{"overwrites": {"ConsumeRt_Main": {"High": 0.5, "Mid": 0.7}}, "TripleShotSpanFrame": 20, "MoveSpeed": 0.06, "DamageParam_ValueMax": 440, "DamageParam_ValueMin": 220, "Jump_DegSwerve": 1, "Stand_DegSwerve": 1, "InkRecoverStop": 25, "InkConsume": 0.0208}'),
('311', 200, '4', '2', 'H3卷管枪D', '射击枪', '近距离', '{"overwrites": {"ConsumeRt_Main": {"High": 0.5, "Mid": 0.7}}, "TripleShotSpanFrame": 20, "MoveSpeed": 0.06, "DamageParam_ValueMax": 440, "DamageParam_ValueMin": 220, "Jump_DegSwerve": 1, "Stand_DegSwerve": 1, "InkRecoverStop": 25, "InkConsume": 0.0208}'),
('312', 200, '1', '14', 'H3卷管枪SNAK', '射击枪', '近距离', '{"overwrites": {"ConsumeRt_Main": {"High": 0.5, "Mid": 0.7}}, "TripleShotSpanFrame": 20, "MoveSpeed": 0.06, "DamageParam_ValueMax": 440, "DamageParam_ValueMin": 220, "Jump_DegSwerve": 1, "Stand_DegSwerve": 1, "InkRecoverStop": 25, "InkConsume": 0.0208}'),
('400', 220, '4', '1', '开瓶喷泉枪', '射击枪', '近距离', '{"MoveSpeed": 0.066, "DamageParam_ValueMax": 380, "DamageParam_ValueMin": 190, "Variable_Damage_ValueMax": 300, "Variable_Damage_ValueMin": 150, "Jump_DegSwerve": 0, "Stand_DegSwerve": 0, "Variable_Jump_DegSwerve": 13, "Variable_Stand_DegSwerve": 8, "InkConsume": 0.024}'),
('401', 190, '7', '19', '开瓶喷泉枪 金属箔', '射击枪', '近距离', '{"MoveSpeed": 0.066, "DamageParam_ValueMax": 380, "DamageParam_ValueMin": 190, "Variable_Damage_ValueMax": 300, "Variable_Damage_ValueMin": 150, "Jump_DegSwerve": 0, "Stand_DegSwerve": 0, "Variable_Jump_DegSwerve": 13, "Variable_Stand_DegSwerve": 8, "InkConsume": 0.024}'),
('1000', 160, '7', '3', '碳纤维滚筒', '滚筒', '近距离', '{"WeaponSpeedType": "Fast", "BodyParam_Damage": 700, "VerticalSwingUnitGroupParam_DamageParam_DamageMinValue": 350, "VerticalSwingUnitGroupParam_DamageParam_DamageMaxValue": 1200, "WideSwingUnitGroupParam_DamageParam_DamageMinValue": 250, "WideSwingUnitGroupParam_DamageParam_DamageMaxValue": 1000, "InkConsume_WeaponSwingParam": 0.0396}'),
('1001', 190, '2', '1', '碳纤维滚筒 装饰', '滚筒', '近距离', '{"WeaponSpeedType": "Fast", "BodyParam_Damage": 700, "VerticalSwingUnitGroupParam_DamageParam_DamageMinValue": 350, "VerticalSwingUnitGroupParam_DamageParam_DamageMaxValue": 1200, "WideSwingUnitGroupParam_DamageParam_DamageMinValue": 250, "WideSwingUnitGroupParam_DamageParam_DamageMaxValue": 1000, "InkConsume_WeaponSwingParam": 0.0396}'),
('1002', 170, '5', '16', '碳纤维滚筒ANGL', '滚筒', '近距离', '{"WeaponSpeedType": "Fast", "BodyParam_Damage": 700, "VerticalSwingUnitGroupParam_DamageParam_DamageMinValue": 350, "VerticalSwingUnitGroupParam_DamageParam_DamageMaxValue": 1200, "WideSwingUnitGroupParam_DamageParam_DamageMinValue": 250, "WideSwingUnitGroupParam_DamageParam_DamageMaxValue": 1000, "InkConsume_WeaponSwingParam": 0.0396}'),
('1010', 180, '6', '2', '斯普拉滚筒', '滚筒', '近距离', '{"BodyParam_Damage": 1250, "VerticalSwingUnitGroupParam_DamageParam_DamageMinValue": 400, "VerticalSwingUnitGroupParam_DamageParam_DamageMaxValue": 1500, "WideSwingUnitGroupParam_DamageParam_DamageMinValue": 350, "WideSwingUnitGroupParam_DamageParam_DamageMaxValue": 1500, "InkConsume_WeaponSwingParam": 0.085}'),
('1011', 170, '8', '17', '斯普拉滚筒 联名', '滚筒', '近距离', '{"BodyParam_Damage": 1250, "VerticalSwingUnitGroupParam_DamageParam_DamageMinValue": 400, "VerticalSwingUnitGroupParam_DamageParam_DamageMaxValue": 1500, "WideSwingUnitGroupParam_DamageParam_DamageMinValue": 350, "WideSwingUnitGroupParam_DamageParam_DamageMaxValue": 1500, "InkConsume_WeaponSwingParam": 0.085}'),
('1015', 180, '6', '2', '秩序滚筒 复制', '滚筒', '近距离', '{"BodyParam_Damage": 1250, "VerticalSwingUnitGroupParam_DamageParam_DamageMinValue": 400, "VerticalSwingUnitGroupParam_DamageParam_DamageMaxValue": 1500, "WideSwingUnitGroupParam_DamageParam_DamageMinValue": 350, "WideSwingUnitGroupParam_DamageParam_DamageMaxValue": 1500, "InkConsume_WeaponSwingParam": 0.085}'),
('1020', 190, '3', '15', '电动马达滚筒', '滚筒', '近距离', '{"overwrites": {"ConsumeRt_Main": {"High": 0.5, "Mid": 0.7}}, "WeaponSpeedType": "Slow", "BodyParam_Damage": 1250, "VerticalSwingUnitGroupParam_DamageParam_DamageMinValue": 400, "VerticalSwingUnitGroupParam_DamageParam_DamageMaxValue": 1800, "WideSwingUnitGroupParam_DamageParam_DamageMinValue": 400, "WideSwingUnitGroupParam_DamageParam_DamageMaxValue": 1800, "InkConsume_WeaponSwingParam": 0.18}'),
('1021', 180, '0', '16', '电动马达滚筒 高磁波', '滚筒', '近距离', '{"overwrites": {"ConsumeRt_Main": {"High": 0.5, "Mid": 0.7}}, "WeaponSpeedType": "Slow", "BodyParam_Damage": 1250, "VerticalSwingUnitGroupParam_DamageParam_DamageMinValue": 400, "VerticalSwingUnitGroupParam_DamageParam_DamageMaxValue": 1800, "WideSwingUnitGroupParam_DamageParam_DamageMinValue": 400, "WideSwingUnitGroupParam_DamageParam_DamageMaxValue": 1800, "InkConsume_WeaponSwingParam": 0.18}'),
('1022', 180, '9', '9', '电动马达滚筒 冥', '滚筒', '近距离', '{"overwrites": {"ConsumeRt_Main": {"High": 0.5, "Mid": 0.7}}, "WeaponSpeedType": "Slow", "BodyParam_Damage": 1250, "VerticalSwingUnitGroupParam_DamageParam_DamageMinValue": 400, "VerticalSwingUnitGroupParam_DamageParam_DamageMaxValue": 1800, "WideSwingUnitGroupParam_DamageParam_DamageMinValue": 400, "WideSwingUnitGroupParam_DamageParam_DamageMaxValue": 1800, "InkConsume_WeaponSwingParam": 0.18}'),
('1030', 210, '10', '4', '可变式滚筒', '滚筒', '近距离', '{"BodyParam_Damage": 1250, "VerticalSwingUnitGroupParam_DamageParam_DamageMinValue": 400, "VerticalSwingUnitGroupParam_DamageParam_DamageMaxValue": 1500, "WideSwingUnitGroupParam_DamageParam_DamageMinValue": 300, "WideSwingUnitGroupParam_DamageParam_DamageMaxValue": 1500, "InkConsume_WeaponVerticalSwingParam": 0.12, "InkConsume_WeaponWideSwingParam": 0.08}'),
('1031', 200, '1', '19', '可变式滚筒 金属箔', '滚筒', '近距离', '{"BodyParam_Damage": 1250, "VerticalSwingUnitGroupParam_DamageParam_DamageMinValue": 400, "VerticalSwingUnitGroupParam_DamageParam_DamageMaxValue": 1500, "WideSwingUnitGroupParam_DamageParam_DamageMinValue": 300, "WideSwingUnitGroupParam_DamageParam_DamageMaxValue": 1500, "InkConsume_WeaponVerticalSwingParam": 0.12, "InkConsume_WeaponWideSwingParam": 0.08}'),
('1040', 180, '4', '8', '宽滚筒', '滚筒', '近距离', '{"BodyParam_Damage": 700, "VerticalSwingUnitGroupParam_DamageParam_DamageMinValue": 400, "VerticalSwingUnitGroupParam_DamageParam_DamageMaxValue": 1200, "WideSwingUnitGroupParam_DamageParam_DamageMinValue": 400, "WideSwingUnitGroupParam_DamageParam_DamageMaxValue": 700, "InkConsume_WeaponSwingParam": 0.09}'),
('1041', 180, '12', '5', '宽滚筒 联名', '滚筒', '近距离', '{"BodyParam_Damage": 700, "VerticalSwingUnitGroupParam_DamageParam_DamageMinValue": 400, "VerticalSwingUnitGroupParam_DamageParam_DamageMaxValue": 1200, "WideSwingUnitGroupParam_DamageParam_DamageMinValue": 400, "WideSwingUnitGroupParam_DamageParam_DamageMaxValue": 700, "InkConsume_WeaponSwingParam": 0.09}'),
('1042', 180, '13', '18', '宽滚筒 惑', '滚筒', '近距离', '{"BodyParam_Damage": 700, "VerticalSwingUnitGroupParam_DamageParam_DamageMinValue": 400, "VerticalSwingUnitGroupParam_DamageParam_DamageMaxValue": 1200, "WideSwingUnitGroupParam_DamageParam_DamageMinValue": 400, "WideSwingUnitGroupParam_DamageParam_DamageMaxValue": 700, "InkConsume_WeaponSwingParam": 0.09}'),
('1100', 180, '0', '9', '巴勃罗', '笔刷', '近距离', '{"WeaponSpeedType": "Fast", "BodyParam_Damage": 200, "SwingUnitGroupParam_DamageParam_DamageMinValue": 150, "SwingUnitGroupParam_DamageParam_DamageMaxValue": 300, "InkConsume_WeaponSwingParam": 0.02}'),
('1101', 180, '10', '11', '巴勃罗·新艺术', '笔刷', '近距离', '{"WeaponSpeedType": "Fast", "BodyParam_Damage": 200, "SwingUnitGroupParam_DamageParam_DamageMinValue": 150, "SwingUnitGroupParam_DamageParam_DamageMaxValue": 300, "InkConsume_WeaponSwingParam": 0.02}'),
('1110', 190, '1', '3', '北斋', '笔刷', '近距离', '{"BodyParam_Damage": 250, "SwingUnitGroupParam_DamageParam_DamageMinValue": 200, "SwingUnitGroupParam_DamageParam_DamageMaxValue": 400, "InkConsume_WeaponSwingParam": 0.03}'),
('1111', 180, '8', '5', '北斋·新艺术', '笔刷', '近距离', '{"BodyParam_Damage": 250, "SwingUnitGroupParam_DamageParam_DamageMinValue": 200, "SwingUnitGroupParam_DamageParam_DamageMaxValue": 400, "InkConsume_WeaponSwingParam": 0.03}'),
('1112', 190, '7', '17', '北斋 彗', '笔刷', '近距离', '{"BodyParam_Damage": 250, "SwingUnitGroupParam_DamageParam_DamageMinValue": 200, "SwingUnitGroupParam_DamageParam_DamageMaxValue": 400, "InkConsume_WeaponSwingParam": 0.03}'),
('1115', 190, '1', '3', '秩序排刷 复制', '笔刷', '近距离', '{"BodyParam_Damage": 250, "SwingUnitGroupParam_DamageParam_DamageMinValue": 200, "SwingUnitGroupParam_DamageParam_DamageMaxValue": 400, "InkConsume_WeaponSwingParam": 0.03}'),
('1120', 190, '6', '7', '文森', '笔刷', '近距离', '{"BodyParam_Damage": 300, "SwingUnitGroupParam_DamageParam_DamageMinValue": 310, "SwingUnitGroupParam_DamageParam_DamageMaxValue": 600, "InkConsume_WeaponSwingParam": 0.048}'),
('1121', 190, '9', '4', '文森·新艺术', '笔刷', '近距离', '{"BodyParam_Damage": 300, "SwingUnitGroupParam_DamageParam_DamageMinValue": 310, "SwingUnitGroupParam_DamageParam_DamageMaxValue": 600, "InkConsume_WeaponSwingParam": 0.048}'),
('1122', 190, '4', '1', '文森BRNZ', '笔刷', '近距离', '{"BodyParam_Damage": 300, "SwingUnitGroupParam_DamageParam_DamageMinValue": 310, "SwingUnitGroupParam_DamageParam_DamageMaxValue": 600, "InkConsume_WeaponSwingParam": 0.048}'),
('2000', 190, '9', '2', '鱿快洁α', '狙击枪', '长距离', '{"MoveSpeedFullCharge": 0.03, "DamageParam_ValueFullCharge": 1400, "DamageParam_ValueMaxCharge": 800, "DamageParam_ValueMinCharge": 400, "ChargeFrameFullCharge": 45, "KeepChargeFullFrame": 75, "InkConsumeFullCharge": 0.105, "InkConsumeMinCharge": 0.018667}'),
('2001', 200, '7', '3', '鱿快洁β', '狙击枪', '长距离', '{"MoveSpeedFullCharge": 0.03, "DamageParam_ValueFullCharge": 1400, "DamageParam_ValueMaxCharge": 800, "DamageParam_ValueMinCharge": 400, "ChargeFrameFullCharge": 45, "KeepChargeFullFrame": 75, "InkConsumeFullCharge": 0.105, "InkConsumeMinCharge": 0.018667}'),
('2010', 190, '0', '8', '斯普拉蓄力狙击枪', '狙击枪', '长距离', '{"MoveSpeedFullCharge": 0.02, "DamageParam_ValueFullCharge": 1600, "DamageParam_ValueMaxCharge": 800, "DamageParam_ValueMinCharge": 400, "KeepChargeFullFrame": 75, "InkConsumeFullCharge": 0.18, "InkConsumeMinCharge": 0.0225}'),
('2011', 210, '4', '14', '斯普拉蓄力狙击枪 联名', '狙击枪', '长距离', '{"MoveSpeedFullCharge": 0.02, "DamageParam_ValueFullCharge": 1600, "DamageParam_ValueMaxCharge": 800, "DamageParam_ValueMinCharge": 400, "KeepChargeFullFrame": 75, "InkConsumeFullCharge": 0.18, "InkConsumeMinCharge": 0.0225}'),
('2012', 200, '3', '12', '斯普拉蓄力狙击枪FRST', '狙击枪', '长距离', '{"MoveSpeedFullCharge": 0.02, "DamageParam_ValueFullCharge": 1600, "DamageParam_ValueMaxCharge": 800, "DamageParam_ValueMinCharge": 400, "KeepChargeFullFrame": 75, "InkConsumeFullCharge": 0.18, "InkConsumeMinCharge": 0.0225}'),
('2015', 190, '0', '8', '秩序蓄力狙击枪 复制', '狙击枪', '长距离', '{"MoveSpeedFullCharge": 0.02, "DamageParam_ValueFullCharge": 1600, "DamageParam_ValueMaxCharge": 800, "DamageParam_ValueMinCharge": 400, "KeepChargeFullFrame": 75, "InkConsumeFullCharge": 0.18, "InkConsumeMinCharge": 0.0225}'),
('2020', 190, '0', '8', '斯普拉准星枪', '狙击枪', '长距离', '{"MoveSpeedFullCharge": 0.02, "DamageParam_ValueFullCharge": 1600, "DamageParam_ValueMaxCharge": 800, "DamageParam_ValueMinCharge": 400, "InkConsumeFullCharge": 0.18, "InkConsumeMinCharge": 0.0225}'),
('2021', 210, '4', '14', '斯普拉准星枪 联名', '狙击枪', '长距离', '{"MoveSpeedFullCharge": 0.02, "DamageParam_ValueFullCharge": 1600, "DamageParam_ValueMaxCharge": 800, "DamageParam_ValueMinCharge": 400, "InkConsumeFullCharge": 0.18, "InkConsumeMinCharge": 0.0225}'),
('2022', 200, '3', '12', '斯普拉准星枪FRST', '狙击枪', '长距离', '{"MoveSpeedFullCharge": 0.02, "DamageParam_ValueFullCharge": 1600, "DamageParam_ValueMaxCharge": 800, "DamageParam_ValueMinCharge": 400, "InkConsumeFullCharge": 0.18, "InkConsumeMinCharge": 0.0225}'),
('2030', 210, '10', '7', '公升4K', '狙击枪', '长距离', '{"overwrites": {"ConsumeRt_Main": {"High": 0.5, "Mid": 0.7}}, "WeaponSpeedType": "Slow", "MoveSpeedFullCharge": 0.015, "DamageParam_ValueFullCharge": 1800, "DamageParam_ValueMaxCharge": 800, "DamageParam_ValueMinCharge": 400, "ChargeFrameFullCharge": 92, "KeepChargeFullFrame": 75, "InkConsumeFullCharge": 0.25, "InkConsumeMinCharge": 0.0225}'),
('2031', 210, '8', '17', '公升4K 改装', '狙击枪', '长距离', '{"overwrites": {"ConsumeRt_Main": {"High": 0.5, "Mid": 0.7}}, "WeaponSpeedType": "Slow", "MoveSpeedFullCharge": 0.015, "DamageParam_ValueFullCharge": 1800, "DamageParam_ValueMaxCharge": 800, "DamageParam_ValueMinCharge": 400, "ChargeFrameFullCharge": 92, "KeepChargeFullFrame": 75, "InkConsumeFullCharge": 0.25, "InkConsumeMinCharge": 0.0225}'),
('2040', 210, '10', '7', '4K准星枪', '狙击枪', '长距离', '{"overwrites": {"ConsumeRt_Main": {"High": 0.5, "Mid": 0.7}}, "WeaponSpeedType": "Slow", "MoveSpeedFullCharge": 0.015, "DamageParam_ValueFullCharge": 1800, "DamageParam_ValueMaxCharge": 800, "DamageParam_ValueMinCharge": 400, "ChargeFrameFullCharge": 92, "InkConsumeFullCharge": 0.25, "InkConsumeMinCharge": 0.0225}'),
('2041', 210, '8', '17', '4K准星枪 改装', '狙击枪', '长距离', '{"overwrites": {"ConsumeRt_Main": {"High": 0.5, "Mid": 0.7}}, "WeaponSpeedType": "Slow", "MoveSpeedFullCharge": 0.015, "DamageParam_ValueFullCharge": 1800, "DamageParam_ValueMaxCharge": 800, "DamageParam_ValueMinCharge": 400, "ChargeFrameFullCharge": 92, "InkConsumeFullCharge": 0.25, "InkConsumeMinCharge": 0.0225}'),
('2050', 190, '7', '9', '14式竹筒枪·甲', '狙击枪', '长距离', '{"WeaponSpeedType": "Fast", "MoveSpeedFullCharge": 0.06, "DamageParam_ValueFullCharge": 850, "DamageParam_ValueMaxCharge": 850, "DamageParam_ValueMinCharge": 300, "ChargeFrameFullCharge": 20, "InkConsumeFullCharge": 0.07, "InkConsumeMinCharge": 0.028}'),
('2051', 190, '5', '16', '14式竹筒枪·乙', '狙击枪', '长距离', '{"WeaponSpeedType": "Fast", "MoveSpeedFullCharge": 0.06, "DamageParam_ValueFullCharge": 850, "DamageParam_ValueMaxCharge": 850, "DamageParam_ValueMinCharge": 300, "ChargeFrameFullCharge": 20, "InkConsumeFullCharge": 0.07, "InkConsumeMinCharge": 0.028}'),
('2060', 200, '13', '4', '高压油管枪', '狙击枪', '长距离', '{"MoveSpeedFullCharge": 0.03, "DamageParam_ValueFullCharge": 1800, "DamageParam_ValueMaxCharge": 1300, "DamageParam_ValueMinCharge": 400, "ChargeFrameFullCharge": 71, "KeepChargeFullFrame": 300, "InkConsumeFullCharge": 0.15, "InkConsumeMinCharge": 0.02}'),
('2061', 200, '5', '11', '高压油管枪 改装', '狙击枪', '长距离', '{"MoveSpeedFullCharge": 0.03, "DamageParam_ValueFullCharge": 1800, "DamageParam_ValueMaxCharge": 1300, "DamageParam_ValueMinCharge": 400, "ChargeFrameFullCharge": 71, "KeepChargeFullFrame": 300, "InkConsumeFullCharge": 0.15, "InkConsumeMinCharge": 0.02}'),
('2070', 220, '3', '15', 'R-PEN/5H', '狙击枪', '长距离', '{"MoveSpeedFullCharge": 0.068, "DamageParam_ValueFullCharge": 680, "DamageParam_ValueMaxCharge": 680, "DamageParam_ValueMinCharge": 400, "ChargeFrameFullCharge": 72, "InkRecoverStop": 20, "InkConsumeFullCharge": 0.35, "InkConsumeMinCharge": 0.0197}'),
('2071', 210, '4', '5', 'R-PEN/5B', '狙击枪', '长距离', '{"MoveSpeedFullCharge": 0.068, "DamageParam_ValueFullCharge": 680, "DamageParam_ValueMaxCharge": 680, "DamageParam_ValueMinCharge": 400, "ChargeFrameFullCharge": 72, "InkRecoverStop": 20, "InkConsumeFullCharge": 0.35, "InkConsumeMinCharge": 0.0197}'),
('3000', 210, '0', '14', '飞溅泼桶', '泼桶', '中距离', '{"MoveSpeed": 0.04, "DamageParam_ValueDirectMax": 700, "DamageParam_ValueDirectMin": 500, "InkRecoverStop": 40, "InkConsumeSlosher": 0.076}'),
('3001', 180, '12', '3', '飞溅泼桶 装饰', '泼桶', '中距离', '{"MoveSpeed": 0.04, "DamageParam_ValueDirectMax": 700, "DamageParam_ValueDirectMin": 500, "InkRecoverStop": 40, "InkConsumeSlosher": 0.076}'),
('3005', 210, '0', '14', '秩序泼桶 复制', '泼桶', '中距离', '{"MoveSpeed": 0.04, "DamageParam_ValueDirectMax": 700, "DamageParam_ValueDirectMin": 500, "InkRecoverStop": 40, "InkConsumeSlosher": 0.076}'),
('3010', 180, '11', '10', '洗笔桶', '泼桶', '中距离', '{"WeaponSpeedType": "Fast", "MoveSpeed": 0.066, "DamageParam_ValueDirectMax": 620, "DamageParam_ValueDirectMin": 350, "InkRecoverStop": 35, "InkConsumeSlosher": 0.06}'),
('3011', 210, '5', '15', '洗笔桶·新艺术', '泼桶', '中距离', '{"WeaponSpeedType": "Fast", "MoveSpeed": 0.066, "DamageParam_ValueDirectMax": 620, "DamageParam_ValueDirectMin": 350, "InkRecoverStop": 35, "InkConsumeSlosher": 0.06}'),
('3012', 180, '0', '19', '洗笔桶ASH', '泼桶', '中距离', '{"WeaponSpeedType": "Fast", "MoveSpeed": 0.066, "DamageParam_ValueDirectMax": 620, "DamageParam_ValueDirectMin": 350, "InkRecoverStop": 35, "InkConsumeSlosher": 0.06}'),
('3020', 220, '5', '6', '回旋泼桶', '泼桶', '中距离', '{"MoveSpeed": 0.07, "DamageParam_ValueDirectMax": 760, "DamageParam_ValueDirectMin": 520, "BlastParam_SplashDamage": 380, "InkRecoverStop": 42, "InkConsumeSlosher": 0.092}'),
('3021', 190, '9', '1', '回旋泼桶 新型', '泼桶', '中距离', '{"MoveSpeed": 0.07, "DamageParam_ValueDirectMax": 760, "DamageParam_ValueDirectMin": 520, "InkRecoverStop": 42, "InkConsumeSlosher": 0.092}'),
('3030', 190, '3', '5', '满溢泡澡泼桶', '泼桶', '中距离', '{"MoveSpeed": 0.05, "DamageParam_ValueDirect": 300, "InkRecoverStop": 40, "InkConsumeSlosher": 0.08}'),
('3031', 190, '12', '17', '满溢泡澡泼桶 装饰', '泼桶', '中距离', '{"MoveSpeed": 0.05, "DamageParam_ValueDirect": 300, "InkRecoverStop": 40, "InkConsumeSlosher": 0.08}'),
('3040', 200, '9', '5', '爆炸泼桶', '泼桶', '中距离', '{"WeaponSpeedType": "Slow", "MoveSpeed": 0.045, "DamageParam_ValueDirect": 550, "BlastParam_DistanceDamage": [{"Damage": 350, "Distance": 2.8}], "InkRecoverStop": 70, "InkConsumeSlosher": 0.117}'),
('3041', 190, '4', '18', '爆炸泼桶 改装', '泼桶', '中距离', '{"WeaponSpeedType": "Slow", "MoveSpeed": 0.045, "DamageParam_ValueDirect": 550, "BlastParam_DistanceDamage": [{"Damage": 350, "Distance": 2.8}], "InkRecoverStop": 70, "InkConsumeSlosher": 0.117}'),
('3050', 190, '1', '13', '墨瀑淋', '泼桶', '中距离', '{"MoveSpeed": 0.04, "DamageParam_ValueDirectMax": 480, "DamageParam_ValueDirectMin": 350, "DamageParam_Secondary_ValueDirectMax": 420, "DamageParam_Secondary_ValueDirectMin": 350, "InkRecoverStop": 50, "InkConsumeSlosher": 0.09}'),
('3051', 190, '8', '7', '墨瀑淋D', '泼桶', '中距离', '{"MoveSpeed": 0.04, "DamageParam_ValueDirectMax": 480, "DamageParam_ValueDirectMin": 350, "DamageParam_Secondary_ValueDirectMax": 420, "DamageParam_Secondary_ValueDirectMin": 350, "InkRecoverStop": 50, "InkConsumeSlosher": 0.09}'),
('3052', 200, '6', '12', '墨瀑淋 角', '泼桶', '中距离', '{"MoveSpeed": 0.04, "DamageParam_ValueDirectMax": 480, "DamageParam_ValueDirectMin": 350, "InkRecoverStop": 50, "InkConsumeSlosher": 0.09}'),
('4000', 190, '2', '11', '斯普拉旋转枪', '旋转枪', '长距离', '{"overwrites": {"MoveVelRt_Shot": {"High": 1.4, "Low": 1, "Mid": 1.2}}, "MoveSpeed": 0.086, "MoveSpeed_Charge": 0.072, "DamageParam_ValueMax": 320, "DamageParam_ValueMin": 160, "Jump_DegSwerve": 8, "Stand_DegSwerve": 4, "InkRecoverStop": 30, "InkConsumeFullChargeSplatling": 0.15}'),
('4001', 200, '11', '2', '斯普拉旋转枪 联名', '旋转枪', '长距离', '{"overwrites": {"MoveVelRt_Shot": {"High": 1.4, "Low": 1, "Mid": 1.2}}, "MoveSpeed": 0.086, "MoveSpeed_Charge": 0.072, "DamageParam_ValueMax": 320, "DamageParam_ValueMin": 160, "Jump_DegSwerve": 8, "Stand_DegSwerve": 4, "InkRecoverStop": 30, "InkConsumeFullChargeSplatling": 0.15}'),
('4002', 200, '8', '1', '斯普拉旋转枪PYTN', '旋转枪', '长距离', '{"overwrites": {"MoveVelRt_Shot": {"High": 1.4, "Low": 1, "Mid": 1.2}}, "MoveSpeed": 0.086, "MoveSpeed_Charge": 0.072, "DamageParam_ValueMax": 320, "DamageParam_ValueMin": 160, "Jump_DegSwerve": 8, "Stand_DegSwerve": 4, "InkRecoverStop": 30, "InkConsumeFullChargeSplatling": 0.15}'),
('4010', 200, '3', '7', '桶装旋转枪', '旋转枪', '长距离', '{"overwrites": {"MoveVelRt_Shot": {"High": 1.35, "Low": 1, "Mid": 1.175}}, "MoveSpeed": 0.07, "MoveSpeed_Charge": 0.062, "DamageParam_ValueMax": 300, "DamageParam_ValueMin": 150, "Jump_DegSwerve": 7, "Stand_DegSwerve": 3.3, "InkRecoverStop": 40, "InkConsumeFullChargeSplatling": 0.225}'),
('4011', 200, '9', '17', '桶装旋转枪 装饰', '旋转枪', '长距离', '{"overwrites": {"MoveVelRt_Shot": {"High": 1.35, "Low": 1, "Mid": 1.175}}, "MoveSpeed": 0.07, "MoveSpeed_Charge": 0.062, "DamageParam_ValueMax": 300, "DamageParam_ValueMin": 150, "Jump_DegSwerve": 7, "Stand_DegSwerve": 3.3, "InkRecoverStop": 40, "InkConsumeFullChargeSplatling": 0.225}'),
('4015', 200, '3', '7', '秩序旋转枪 复制', '旋转枪', '长距离', '{"overwrites": {"MoveVelRt_Shot": {"High": 1.35, "Low": 1, "Mid": 1.175}}, "MoveSpeed": 0.07, "MoveSpeed_Charge": 0.062, "DamageParam_ValueMax": 300, "DamageParam_ValueMin": 150, "Jump_DegSwerve": 7, "Stand_DegSwerve": 3.3, "InkRecoverStop": 40, "InkConsumeFullChargeSplatling": 0.225}'),
('4020', 190, '7', '6', '消防栓旋转枪', '旋转枪', '长距离', '{"overwrites": {"ConsumeRt_Main": {"High": 0.5, "Low": 1, "Mid": 0.7}, "MoveVelRt_Shot": {"High": 1.35, "Low": 1, "Mid": 1.175}}, "WeaponSpeedType": "Slow", "MoveSpeed": 0.06, "MoveSpeed_Charge": 0.044, "DamageParam_ValueMax": 320, "DamageParam_ValueMin": 160, "DamageParam_ValueFullChargeMax": 400, "Jump_DegSwerve": 6, "Stand_DegSwerve": 3, "InkRecoverStop": 40, "InkConsumeFullChargeSplatling": 0.35}'),
('4021', 200, '10', '19', '消防栓旋转枪 改装', '旋转枪', '长距离', '{"overwrites": {"ConsumeRt_Main": {"High": 0.5, "Low": 1, "Mid": 0.7}, "MoveVelRt_Shot": {"High": 1.35, "Low": 1, "Mid": 1.175}}, "WeaponSpeedType": "Slow", "MoveSpeed": 0.06, "MoveSpeed_Charge": 0.044, "DamageParam_ValueMax": 320, "DamageParam_ValueMin": 160, "DamageParam_ValueFullChargeMax": 400, "Jump_DegSwerve": 6, "Stand_DegSwerve": 3, "InkRecoverStop": 40, "InkConsumeFullChargeSplatling": 0.35}'),
('4022', 200, '3', '2', '消防栓旋转枪 压', '旋转枪', '长距离', '{"overwrites": {"ConsumeRt_Main": {"High": 0.5, "Low": 1, "Mid": 0.7}, "MoveVelRt_Shot": {"High": 1.35, "Low": 1, "Mid": 1.175}}, "WeaponSpeedType": "Slow", "MoveSpeed": 0.06, "MoveSpeed_Charge": 0.044, "DamageParam_ValueMax": 320, "DamageParam_ValueMin": 160, "DamageParam_ValueFullChargeMax": 400, "Jump_DegSwerve": 6, "Stand_DegSwerve": 3, "InkRecoverStop": 40, "InkConsumeFullChargeSplatling": 0.35}'),
('4030', 210, '5', '10', '圆珠笔', '旋转枪', '长距离', '{"overwrites": {"MoveVelRt_Shot": {"High": 1.25, "Low": 1, "Mid": 1.125}}, "MoveSpeed": 0.086, "MoveSpeed_Charge": 0.086, "MoveSpeedVariable": 0.05, "DamageParam_ValueMax": 280, "DamageParam_ValueMin": 140, "Variable_Damage_ValueMax": 300, "Variable_Damage_ValueMin": 150, "Jump_DegSwerve": 12, "Stand_DegSwerve": 6, "Variable_Jump_DegSwerve": 4, "Variable_Stand_DegSwerve": 1.5, "InkRecoverStop": 40, "InkConsumeFullChargeSplatling": 0.25}'),
('4031', 200, '10', '8', '圆珠笔·新艺术', '旋转枪', '长距离', '{"overwrites": {"MoveVelRt_Shot": {"High": 1.25, "Low": 1, "Mid": 1.125}}, "MoveSpeed": 0.086, "MoveSpeed_Charge": 0.086, "MoveSpeedVariable": 0.05, "DamageParam_ValueMax": 280, "DamageParam_ValueMin": 140, "Variable_Damage_ValueMax": 300, "Variable_Damage_ValueMin": 150, "Jump_DegSwerve": 12, "Stand_DegSwerve": 6, "Variable_Jump_DegSwerve": 4, "Variable_Stand_DegSwerve": 1.5, "InkRecoverStop": 40, "InkConsumeFullChargeSplatling": 0.25}'),
('4040', 190, '9', '5', '鹦鹉螺号47', '旋转枪', '长距离', '{"overwrites": {"MoveVelRt_Shot": {"High": 1.3, "Low": 1, "Mid": 1.15}}, "MoveSpeed": 0.07, "MoveSpeed_Charge": 0.04, "DamageParam_ValueMax": 320, "DamageParam_ValueMin": 160, "KeepChargeFullFrame": 200, "Jump_DegSwerve": 3.6, "Stand_DegSwerve": 3.3, "InkRecoverStop": 40, "InkConsumeFullChargeSplatling": 0.15}'),
('4041', 200, '1', '18', '鹦鹉螺号79', '旋转枪', '长距离', '{"overwrites": {"MoveVelRt_Shot": {"High": 1.3, "Low": 1, "Mid": 1.15}}, "MoveSpeed": 0.07, "MoveSpeed_Charge": 0.04, "DamageParam_ValueMax": 320, "DamageParam_ValueMin": 160, "KeepChargeFullFrame": 200, "Jump_DegSwerve": 3.6, "Stand_DegSwerve": 3.3, "InkRecoverStop": 40, "InkConsumeFullChargeSplatling": 0.15}'),
('4050', 200, '6', '15', '审查者', '旋转枪', '长距离', '{"overwrites": {"MoveVelRt_Shot": {"High": 1.4, "Low": 1, "Mid": 1.2}}, "MoveSpeed": 0.086, "MoveSpeed_Charge": 0.072, "DamageParam_ValueMax": 260, "DamageParam_ValueMin": 130, "Jump_DegSwerve": 6, "Stand_DegSwerve": 3, "InkRecoverStop": 40, "InkConsumeFullChargeSplatling": 0.2}'),
('4051', 210, '0', '12', '审查者·新艺术', '旋转枪', '长距离', '{"overwrites": {"MoveVelRt_Shot": {"High": 1.4, "Low": 1, "Mid": 1.2}}, "MoveSpeed": 0.086, "MoveSpeed_Charge": 0.072, "DamageParam_ValueMax": 260, "DamageParam_ValueMin": 130, "Jump_DegSwerve": 6, "Stand_DegSwerve": 3, "InkRecoverStop": 40, "InkConsumeFullChargeSplatling": 0.2}'),
('5000', 170, '8', '15', '溅镀枪', '双枪', '近距离', '{"WeaponSpeedType": "Fast", "MoveSpeed": 0.084, "DamageParam_ValueMax": 360, "DamageParam_ValueMin": 180, "Jump_DegSwerve": 11.66, "Stand_DegSwerve": 6.8, "InkConsume": 0.00663, "InkConsume_SideStepParam": 0.05}'),
('5001', 190, '13', '13', '溅镀枪·新艺术', '双枪', '近距离', '{"WeaponSpeedType": "Fast", "MoveSpeed": 0.084, "DamageParam_ValueMax": 360, "DamageParam_ValueMin": 180, "Jump_DegSwerve": 11.66, "Stand_DegSwerve": 6.8, "InkConsume": 0.00663, "InkConsume_SideStepParam": 0.05}'),
('5002', 190, '0', '9', '溅镀枪OWL', '双枪', '近距离', '{"WeaponSpeedType": "Fast", "MoveSpeed": 0.084, "DamageParam_ValueMax": 360, "DamageParam_ValueMin": 180, "Jump_DegSwerve": 11.66, "Stand_DegSwerve": 6.8, "InkConsume": 0.00663, "InkConsume_SideStepParam": 0.05}'),
('5010', 190, '1', '12', '斯普拉机动枪', '双枪', '近距离', '{"MoveSpeed": 0.08, "DamageParam_ValueMax": 300, "DamageParam_ValueMin": 150, "Jump_DegSwerve": 7.5, "Stand_DegSwerve": 2, "InkConsume": 0.0072, "InkConsume_SideStepParam": 0.07}'),
('5011', 190, '6', '18', '斯普拉机动枪 联名', '双枪', '近距离', '{"MoveSpeed": 0.08, "DamageParam_ValueMax": 300, "DamageParam_ValueMin": 150, "Jump_DegSwerve": 7.5, "Stand_DegSwerve": 2, "InkConsume": 0.0072, "InkConsume_SideStepParam": 0.07}'),
('5012', 190, '5', '2', '斯普拉机动枪 耀', '双枪', '近距离', '{"MoveSpeed": 0.08, "DamageParam_ValueMax": 300, "DamageParam_ValueMin": 150, "Jump_DegSwerve": 7.5, "Stand_DegSwerve": 2, "InkConsume": 0.0072, "InkConsume_SideStepParam": 0.07}'),
('5015', 190, '1', '12', '秩序机动枪 复制', '双枪', '近距离', '{"MoveSpeed": 0.08, "DamageParam_ValueMax": 300, "DamageParam_ValueMin": 150, "Jump_DegSwerve": 7.5, "Stand_DegSwerve": 2, "InkConsume": 0.0072, "InkConsume_SideStepParam": 0.07}'),
('5020', 180, '4', '6', '开尔文525', '双枪', '近距离', '{"MoveSpeed": 0.06, "DamageParam_ValueMax": 360, "DamageParam_ValueMin": 180, "DamageLapOverParam_ValueMax": 525, "DamageLapOverParam_ValueMin": 263, "Jump_DegSwerve": 8, "Stand_DegSwerve": 3.2, "InkConsume": 0.014, "InkConsume_SideStepParam": 0.08}'),
('5021', 190, '9', '1', '开尔文525 装饰', '双枪', '近距离', '{"MoveSpeed": 0.06, "DamageParam_ValueMax": 360, "DamageParam_ValueMin": 180, "DamageLapOverParam_ValueMax": 525, "DamageLapOverParam_ValueMin": 263, "Jump_DegSwerve": 8, "Stand_DegSwerve": 3.2, "InkConsume": 0.014, "InkConsume_SideStepParam": 0.08}'),
('5030', 200, '0', '7', '双重清洁枪', '双枪', '近距离', '{"MoveSpeed": 0.072, "DamageParam_ValueMax": 280, "DamageParam_ValueMin": 140, "Jump_DegSwerve": 8, "Stand_DegSwerve": 4, "InkConsume": 0.012, "InkConsume_SideStepParam": 0.08}'),
('5031', 200, '8', '16', '双重清洁枪 改装', '双枪', '近距离', '{"MoveSpeed": 0.072, "DamageParam_ValueMax": 280, "DamageParam_ValueMin": 140, "Jump_DegSwerve": 8, "Stand_DegSwerve": 4, "InkConsume": 0.012, "InkConsume_SideStepParam": 0.08}'),
('5032', 190, '9', '19', '双重清洁枪 蹄', '双枪', '近距离', '{"MoveSpeed": 0.072, "DamageParam_ValueMax": 280, "DamageParam_ValueMin": 140, "Jump_DegSwerve": 8, "Stand_DegSwerve": 4, "InkConsume": 0.012, "InkConsume_SideStepParam": 0.08}'),
('5040', 200, '7', '13', '四重弹跳手枪 黑', '双枪', '近距离', '{"MoveSpeed": 0.072, "DamageParam_ValueMax": 280, "DamageParam_ValueMin": 140, "Jump_DegSwerve": 12.8, "Stand_DegSwerve": 7.4, "InkConsume": 0.008, "InkConsume_SideStepParam": 0.03}'),
('5041', 190, '3', '3', '四重弹跳手枪 白', '双枪', '近距离', '{"MoveSpeed": 0.072, "DamageParam_ValueMax": 280, "DamageParam_ValueMin": 140, "Jump_DegSwerve": 12.8, "Stand_DegSwerve": 7.4, "InkConsume": 0.008, "InkConsume_SideStepParam": 0.03}'),
('5050', 190, '10', '9', '灭熄FF', '双枪', '近距离', '{"MoveSpeed": 0.07, "DamageParam_ValueMax": 255, "DamageParam_ValueMin": 128, "DamageLapOverParam_ValueMax": 255, "DamageLapOverParam_ValueMin": 128, "Jump_DegSwerve": 8, "Stand_DegSwerve": 2.5, "InkConsume": 0.012, "InkConsume_SideStepParam": 0.1}'),
('5051', 200, '2', '14', '灭熄FF 改装', '双枪', '近距离', '{"MoveSpeed": 0.07, "DamageParam_ValueMax": 255, "DamageParam_ValueMin": 128, "DamageLapOverParam_ValueMax": 255, "DamageLapOverParam_ValueMin": 128, "Jump_DegSwerve": 8, "Stand_DegSwerve": 2.5, "InkConsume": 0.012, "InkConsume_SideStepParam": 0.1}'),
('6000', 210, '3', '14', '遮阳防空伞', '伞', '近距离', '{"MoveSpeed": 0.065, "DamageParam_ValueMax": 810, "InkConsumeUmbrella_WeaponShelterCanopyParam": 0.3, "InkConsume_WeaponShelterShotgunParam": 0.055}'),
('6001', 210, '7', '10', '遮阳防空伞 姐妹', '伞', '近距离', '{"MoveSpeed": 0.065, "DamageParam_ValueMax": 810, "InkConsumeUmbrella_WeaponShelterCanopyParam": 0.3, "InkConsume_WeaponShelterShotgunParam": 0.055}'),
('6005', 210, '3', '14', '秩序防空伞 复制', '伞', '近距离', '{"MoveSpeed": 0.065, "DamageParam_ValueMax": 810, "InkConsumeUmbrella_WeaponShelterCanopyParam": 0.3, "InkConsume_WeaponShelterShotgunParam": 0.055}'),
('6010', 190, '8', '8', '露营防空伞', '伞', '近距离', '{"overwrites": {"ConsumeRt_Main": {"High": 0.5, "Mid": 0.7}}, "WeaponSpeedType": "Slow", "MoveSpeed": 0.05, "DamageParam_ValueMax": 1190, "CanopyHP": 7000, "InkConsumeUmbrella_WeaponShelterCanopyParam": 0.3, "InkConsume_WeaponShelterShotgunParam": 0.11}'),
('6011', 200, '10', '1', '露营防空伞 姐妹', '伞', '近距离', '{"overwrites": {"ConsumeRt_Main": {"High": 0.5, "Mid": 0.7}}, "WeaponSpeedType": "Slow", "MoveSpeed": 0.05, "DamageParam_ValueMax": 1190, "CanopyHP": 7000, "InkConsumeUmbrella_WeaponShelterCanopyParam": 0.3, "InkConsume_WeaponShelterShotgunParam": 0.11}'),
('6012', 180, '11', '16', '露营防空伞CREM', '伞', '近距离', '{"overwrites": {"ConsumeRt_Main": {"High": 0.5, "Mid": 0.7}}, "WeaponSpeedType": "Slow", "MoveSpeed": 0.05, "DamageParam_ValueMax": 1190, "CanopyHP": 7000, "InkConsumeUmbrella_WeaponShelterCanopyParam": 0.3, "InkConsume_WeaponShelterShotgunParam": 0.11}'),
('6020', 180, '10', '13', '特工配件', '伞', '近距离', '{"WeaponSpeedType": "Fast", "MoveSpeed": 0.072, "DamageParam_ValueMax": 400, "CanopyHP": 2000, "InkConsume_WeaponShelterShotgunParam": 0.04}'),
('6021', 180, '13', '19', '特工配件 姐妹', '伞', '近距离', '{"WeaponSpeedType": "Fast", "MoveSpeed": 0.072, "DamageParam_ValueMax": 400, "CanopyHP": 2000, "InkConsume_WeaponShelterShotgunParam": 0.04}'),
('6022', 180, '6', '9', '特工配件 缭', '伞', '近距离', '{"WeaponSpeedType": "Fast", "MoveSpeed": 0.072, "DamageParam_ValueMax": 400, "CanopyHP": 2000, "InkConsume_WeaponShelterShotgunParam": 0.04}'),
('6030', 190, '12', '2', '24式可替换伞·甲', '伞', '近距离', '{"MoveSpeed": 0.058, "DamageParam_ValueMax": 900, "CanopyHP": 1500, "InkConsumeUmbrella_WeaponShelterCanopyParam": 0.15, "InkConsume_WeaponShelterShotgunParam": 0.06}'),
('6031', 190, '11', '18', '24式可替换伞·乙', '伞', '近距离', '{"MoveSpeed": 0.058, "DamageParam_ValueMax": 900, "CanopyHP": 1500, "InkConsumeUmbrella_WeaponShelterCanopyParam": 0.15, "InkConsume_WeaponShelterShotgunParam": 0.06}'),
('7010', 190, '11', '9', '三发猎鱼弓', '弓', '长距离', '{"MoveSpeedFullCharge": 0.068, "DamageParam_ValueMax": 350, "DamageParam_ValueMin": 300, "BlastParam_DistanceDamage": [{"Damage": 300, "Distance": 2}], "ChargeFrameFullCharge": 72, "InkConsumeFullCharge_ChargeParam": 0.085}'),
('7011', 190, '3', '16', '三发猎鱼弓 联名', '弓', '长距离', '{"MoveSpeedFullCharge": 0.068, "DamageParam_ValueMax": 350, "DamageParam_ValueMin": 300, "BlastParam_DistanceDamage": [{"Damage": 300, "Distance": 2}], "ChargeFrameFullCharge": 72, "InkConsumeFullCharge_ChargeParam": 0.085}'),
('7012', 200, '12', '10', '三发猎鱼弓 灯', '弓', '长距离', '{"MoveSpeedFullCharge": 0.068, "DamageParam_ValueMax": 350, "DamageParam_ValueMin": 300, "BlastParam_DistanceDamage": [{"Damage": 300, "Distance": 2}], "ChargeFrameFullCharge": 72, "InkConsumeFullCharge_ChargeParam": 0.085}'),
('7015', 190, '11', '9', '秩序猎鱼弓 复制', '弓', '长距离', '{"MoveSpeedFullCharge": 0.068, "DamageParam_ValueMax": 350, "DamageParam_ValueMin": 300, "BlastParam_DistanceDamage": [{"Damage": 300, "Distance": 2}], "ChargeFrameFullCharge": 72, "InkConsumeFullCharge_ChargeParam": 0.085}'),
('7020', 210, '6', '4', 'LACT-450', '弓', '长距离', '{"WeaponSpeedType": "Fast", "MoveSpeedFullCharge": 0.084, "DamageParam_ValueMax": 450, "DamageParam_ValueMin": 300, "ChargeFrameFullCharge": 34, "KeepChargeFullFrame": 75, "InkConsumeFullCharge_ChargeParam": 0.065}'),
('7021', 200, '4', '13', 'LACT-450 装饰', '弓', '长距离', '{"WeaponSpeedType": "Fast", "MoveSpeedFullCharge": 0.084, "DamageParam_ValueMax": 450, "DamageParam_ValueMin": 300, "BlastParam_DistanceDamage": [{"Damage": 280, "Distance": 2}], "ChargeFrameFullCharge": 34, "KeepChargeFullFrame": 75, "InkConsumeFullCharge_ChargeParam": 0.065}'),
('7022', 210, '13', '6', 'LACT-450MILK', '弓', '长距离', '{"WeaponSpeedType": "Fast", "MoveSpeedFullCharge": 0.084, "DamageParam_ValueMax": 450, "DamageParam_ValueMin": 300, "BlastParam_DistanceDamage": [{"Damage": 280, "Distance": 2}], "ChargeFrameFullCharge": 34, "KeepChargeFullFrame": 75, "InkConsumeFullCharge_ChargeParam": 0.065}'),
('7030', 200, '7', '11', '邦普V', '弓', '长距离', '{"WeaponSpeedType": "Slow", "MoveSpeedFullCharge": 0.04, "DamageParam_ValueMax": 350, "DamageParam_ValueMin": 240, "BlastParam_DistanceDamage": [{"Damage": 300, "Distance": 2}], "ChargeFrameFullCharge": 80, "InkConsumeFullCharge_ChargeParam": 0.09}'),
('7031', 200, '9', '7', '邦普V 改装', '弓', '长距离', '{"WeaponSpeedType": "Slow", "MoveSpeedFullCharge": 0.04, "DamageParam_ValueMax": 350, "DamageParam_ValueMin": 240, "BlastParam_DistanceDamage": [{"Damage": 300, "Distance": 2}], "ChargeFrameFullCharge": 80, "InkConsumeFullCharge_ChargeParam": 0.09}'),
('8000', 210, '2', '3', '工作刮水刀', '刮水刀', '中距离', '{"DamageParam_SplatanaVerticalDirect": 1400, "DamageParam_SplatanaVertical": 700, "DamageParam_SplatanaHorizontalDirect": 550, "DamageParam_SplatanaHorizontal": 350, "InkConsume_SwingParam": 0.052, "InkConsumeFullCharge_ChargeParam": 0.117}'),
('8001', 210, '11', '12', '工作刮水刀·新艺术', '刮水刀', '中距离', '{"DamageParam_SplatanaVerticalDirect": 1400, "DamageParam_SplatanaVertical": 700, "DamageParam_SplatanaHorizontalDirect": 550, "DamageParam_SplatanaHorizontal": 350, "InkConsume_SwingParam": 0.052, "InkConsumeFullCharge_ChargeParam": 0.117}'),
('8002', 190, '7', '6', '工作刮水刀 封', '刮水刀', '中距离', '{"DamageParam_SplatanaVerticalDirect": 1400, "DamageParam_SplatanaVertical": 700, "DamageParam_SplatanaHorizontalDirect": 550, "DamageParam_SplatanaHorizontal": 350, "InkConsume_SwingParam": 0.052, "InkConsumeFullCharge_ChargeParam": 0.117}'),
('8005', 210, '2', '3', '秩序刮水刀 复制', '刮水刀', '中距离', '{"DamageParam_SplatanaVerticalDirect": 1400, "DamageParam_SplatanaVertical": 700, "DamageParam_SplatanaHorizontalDirect": 550, "DamageParam_SplatanaHorizontal": 350, "InkConsume_SwingParam": 0.052, "InkConsumeFullCharge_ChargeParam": 0.117}'),
('8010', 190, '13', '11', '雨刷刮水刀', '刮水刀', '中距离', '{"WeaponSpeedType": "Fast", "DamageParam_SplatanaVerticalDirect": 1200, "DamageParam_SplatanaVertical": 600, "DamageParam_SplatanaHorizontalDirect": 450, "DamageParam_SplatanaHorizontal": 300, "InkConsume_SwingParam": 0.03, "InkConsumeFullCharge_ChargeParam": 0.06}'),
('8011', 190, '8', '4', '雨刷刮水刀 装饰', '刮水刀', '中距离', '{"WeaponSpeedType": "Fast", "DamageParam_SplatanaVerticalDirect": 1200, "DamageParam_SplatanaVertical": 600, "DamageParam_SplatanaHorizontalDirect": 450, "DamageParam_SplatanaHorizontal": 300, "InkConsume_SwingParam": 0.03, "InkConsumeFullCharge_ChargeParam": 0.06}'),
('8012', 190, '6', '1', '雨刷刮水刀RUST', '刮水刀', '中距离', '{"WeaponSpeedType": "Fast", "DamageParam_SplatanaVerticalDirect": 1200, "DamageParam_SplatanaVertical": 600, "DamageParam_SplatanaHorizontalDirect": 450, "DamageParam_SplatanaHorizontal": 300, "InkConsume_SwingParam": 0.03, "InkConsumeFullCharge_ChargeParam": 0.06}'),
('8020', 210, '1', '2', '巨齿刮水刀 薄荷', '刮水刀', '中距离', '{"DamageParam_SplatanaVerticalDirect": 1600, "DamageParam_SplatanaVertical": 800, "DamageParam_SplatanaHorizontalDirect": 700, "DamageParam_SplatanaHorizontal": 400, "InkConsume_SwingParam": 0.065, "InkConsumeFullCharge_ChargeParam": 0.13}'),
('8021', 200, '4', '10', '巨齿刮水刀 墨黑', '刮水刀', '中距离', '{"DamageParam_SplatanaVerticalDirect": 1600, "DamageParam_SplatanaVertical": 800, "DamageParam_SplatanaHorizontalDirect": 700, "DamageParam_SplatanaHorizontal": 400, "InkConsume_SwingParam": 0.065, "InkConsumeFullCharge_ChargeParam": 0.13}');

-- 装备能力数据
INSERT OR REPLACE INTO skill (code, zh_name, zh_desc) VALUES
('Action_Up', '行动强化', '不仅能更容易使出鱿鱼滚行和鱿鱼登顶，跳跃后立即攻击时，射击的晃动也会变小。'),
('ComeBack', '回归', '玩家阵亡回归后，部分能力会暂时大幅提升。'),
('DeathMarking', '复仇', '复活后，可以从远处看到击倒自己的对手位置。'),
('EndAllUp', '最后冲刺', '从对战结束前的30计数开始墨汁效率及墨汁回复速度会大幅提升。'),
('ExSkillDouble', '追加装备能力增倍', '1个skill可以使附加在装备上的追加装备能力获得2倍的效果。'),
('Exorcist', '提升复活惩罚', '增加自己与被击倒对手的复活时间以及特殊武器蓄力槽的减少量。'),
('HumanMove_Up', '提升人类移动速度', '提升人类状态的移动速度。'),
('InkRecovery_Up', '提升墨汁回复力', '提升墨汁槽的回复速度。'),
('JumpTime_Save', '缩短超级跳跃时间', '缩短超级跳跃的时间。'),
('MainInk_Save', '提升墨汁效率（主要武器）', '减少主要武器的墨汁消耗量。'),
('MinorityUp', '逆境强化', '当我方人数少于敌方时，特殊武器蓄力槽会微幅增加。'),
('None', '', '在对战中使用装备累积经验值，装备能力就会被解放。'),
('ObjectEffect_Up', '提升对物体攻击力', '提升对非玩家的物体进行攻击时的伤害。'),
('OpInkEffect_Reduction', '减轻对手墨汁影响', '降低踩到对手墨汁时受到的伤害与移动速度减少的幅度。'),
('RespawnSpecialGauge_Save', '降低特殊武器减少量', '降低玩家阵亡时特殊武器蓄力槽的减少量。'),
('RespawnTime_Save', '缩短复活时间', '在未击倒对手却连续阵亡时，缩短复活时间。'),
('SomersaultLanding', '受身术', '超级跳跃落地时推动摇杆的话，就能在落地的同时向前翻滚。'),
('SpecialIncrease_Up', '提升特殊武器增加量', '提升特殊武器蓄力槽的增加量。'),
('SpecialSpec_Up', '提升特殊武器性能', '提升特殊武器的性能。'),
('SquidMoveSpatter_Reduction', '鱿鱼忍者', '于地面进行鱿鱼冲刺时，墨汁不会飞溅，但移动速度会略微降低。'),
('SquidMove_Up', '提升鱿鱼冲刺速度', '提升鱿鱼冲刺时的移动速度。'),
('StartAllUp', '最初冲刺', '在对战开始后的30计数期间移动相关的效果会大幅提升。'),
('SubEffect_Reduction', '减轻次要武器影响', '减轻次要武器造成的伤害及效果。'),
('SubInk_Save', '提升墨汁效率（次要武器）', '减少次要武器的墨汁消耗量。'),
('SubSpec_Up', '提升次要武器性能', '提升次要武器的性能。'),
('SuperJumpSign_Hide', '隐身跳跃', '远处玩家无法看见超级跳跃落地点的记号。'),
('ThermalInk', '热力墨汁', '可以暂时从远处看见被主要武器直接打中的对手。');

-- 地图数据
INSERT OR REPLACE INTO stage (vs_stage_id, code, zh_name, stage_type) VALUES
(1, 'Yunohana', '温泉花大峡谷', 'VS'),
(2, 'District', '鳗鲶区', 'VS'),
(3, 'Yagara', '烟管鱼市场', 'VS'),
(4, 'Temple', '竹蛏疏洪道', 'VS'),
(5, 'Factory', '鱼露遗迹', 'VS'),
(6, 'Scrap', '鱼肉碎金属', 'VS'),
(7, 'BigSlope', '臭鱼干温泉', 'VS'),
(8, 'Section', '塔拉波特购物公园', 'VS'),
(9, 'Jyoheki', '比目鱼住宅区', 'VS'),
(10, 'Kaisou', '真鲭跨海大桥', 'VS'),
(11, 'Pivot', '金眼鲷美术馆', 'VS'),
(12, 'Hiagari', '鬼头刀SPA度假区', 'VS'),
(13, 'Upland', '海女美术大学', 'VS'),
(14, 'Nagasaki', '鲟鱼造船厂', 'VS'),
(15, 'Line', '座头购物中心', 'VS'),
(16, 'Carousel', '醋饭海洋世界', 'VS'),
(17, 'Wave', '昆布赛道', 'VS'),
(18, 'Pillar', '鬼蝠鲼玛利亚号', 'VS'),
(19, 'Spider', '高脚经济特区', 'VS'),
(20, 'Twist', '大比目鱼海运中心', 'VS'),
(21, 'Cross', '贝见亭', 'VS'),
(22, 'Ruins', '葱鲔鱼煤矿场', 'VS'),
(23, 'Propeller', '旗鱼机场', 'VS'),
(24, 'AutoWalk', '龙宫转运站', 'VS'),
(25, 'Manbou', '蛮颓大巨蛋', 'VS'),
(26, 'Crank', '十路通高架桥下', 'VS'),
(NULL, 'Random', '随机', NULL),
(NULL, 'Unknown', '？？？', NULL),
(NULL, 'Shakedent', '麦年海洋发电所', 'Coop'),
(NULL, 'Shakehighway', '生筋子系统交流道遗址', 'Coop'),
(NULL, 'Shakelift', '时不知鲑烟熏工房', 'Coop'),
(NULL, 'Shakerail', '鲑鱼心脏斗技场', 'Coop'),
(NULL, 'Shakeship', '漂浮落难船', 'Coop'),
(NULL, 'Shakespiral', '新卷堡', 'Coop'),
(NULL, 'Shakeup', '鲑坝', 'Coop');
